epoch,time,train/box_loss,train/cls_loss,train/dfl_loss,metrics/precision(B),metrics/recall(B),metrics/mAP50(B),metrics/mAP50-95(B),val/box_loss,val/cls_loss,val/dfl_loss,lr/pg0,lr/pg1,lr/pg2
1,73.7316,0.16318,0.56477,0.79373,0.99984,1,0.995,0.89375,0.40601,0.31669,1.23021,0.00199336,0.00199336,0.00199336
2,145.672,0.23351,0.23464,0.80786,0.99985,1,0.995,0.97079,0.25935,0.25294,0.82989,0.00399325,0.00399325,0.00399325
3,216.838,0.28208,0.2489,0.82103,0.99943,1,0.995,0.95692,0.30862,0.2988,0.85008,0.0059927,0.0059927,0.0059927
4,287.484,0.32728,0.2911,0.85057,0.99966,1,0.995,0.95932,0.31349,0.46884,0.85841,0.0079914,0.0079914,0.0079914
5,357.842,0.3302,0.33045,0.85471,0.99963,1,0.995,0.96123,0.27449,0.25819,0.82117,0.00998902,0.00998902,0.00998902
6,428.608,0.29604,0.22626,0.82507,0.97202,0.97304,0.98942,0.95521,0.31796,0.31791,0.85591,0.00999322,0.00999322,0.00999322
7,499.259,0.25529,0.2027,0.80938,0.94367,1,0.99489,0.98787,0.22495,0.34177,0.80187,0.00999023,0.00999023,0.00999023
8,569.207,0.24065,0.20358,0.80743,0.99962,1,0.995,0.99362,0.215,0.20993,0.80752,0.00998671,0.00998671,0.00998671
9,639.82,0.21832,0.17714,0.79812,0.9999,1,0.995,0.99162,0.20614,0.16154,0.79356,0.00998264,0.00998264,0.00998264
10,709.749,0.20459,0.18811,0.7898,0.99733,0.99355,0.99494,0.99396,0.1868,0.21098,0.79276,0.00997803,0.00997803,0.00997803
11,779.511,0.19402,0.1911,0.78916,0.66522,0.79417,0.73282,0.7119,0.41718,1.85526,0.99044,0.00997288,0.00997288,0.00997288
12,849.987,0.19078,0.22189,0.79163,0.99964,1,0.995,0.99271,0.20099,0.15689,0.78705,0.0099672,0.0099672,0.0099672
13,919.883,0.18841,0.17609,0.79063,0.99981,1,0.995,0.99458,0.18253,0.15886,0.78945,0.00996097,0.00996097,0.00996097
14,989.854,0.16946,0.14862,0.77998,0.99977,1,0.995,0.995,0.14844,0.12685,0.7784,0.0099542,0.0099542,0.0099542
15,1060.3,0.15302,0.12711,0.77398,0.9999,1,0.995,0.99476,0.157,0.13272,0.77697,0.0099469,0.0099469,0.0099469
16,1129.88,0.15532,0.13085,0.77374,0.99988,1,0.995,0.99482,0.14167,0.12255,0.77303,0.00993906,0.00993906,0.00993906
17,1199.75,0.15452,0.13743,0.78282,0.99982,1,0.995,0.99496,0.13415,0.12286,0.77234,0.00993068,0.00993068,0.00993068
18,1270.27,0.14871,0.12889,0.7774,0.99985,1,0.995,0.995,0.11714,0.10747,0.76699,0.00992177,0.00992177,0.00992177
19,1340.3,0.13525,0.11735,0.7716,0.99991,1,0.995,0.995,0.09776,0.09477,0.76311,0.00991232,0.00991232,0.00991232
20,1410.64,0.13539,0.11901,0.7703,0.99991,1,0.995,0.995,0.10862,0.10506,0.76688,0.00990234,0.00990234,0.00990234
21,1480.77,0.13456,0.12405,0.77565,0.9999,1,0.995,0.995,0.10787,0.09893,0.76536,0.00989183,0.00989183,0.00989183
22,1550.6,0.13529,0.12121,0.77601,0.99986,1,0.995,0.995,0.09192,0.09852,0.76199,0.00988079,0.00988079,0.00988079
23,1621.1,0.12395,0.14213,0.768,0.99543,0.99664,0.99499,0.99499,0.12502,0.10933,0.77026,0.00986922,0.00986922,0.00986922
24,1690.72,0.12534,0.11078,0.76814,0.99988,1,0.995,0.995,0.1006,0.1015,0.76263,0.00985711,0.00985711,0.00985711
25,1760.36,0.12677,0.11418,0.7667,0.99995,1,0.995,0.995,0.11832,0.1048,0.76871,0.00984449,0.00984449,0.00984449
26,1830.8,0.11879,0.10623,0.76981,0.99993,1,0.995,0.99339,0.13215,0.13913,0.78209,0.00983133,0.00983133,0.00983133
27,1901.21,0.11325,0.10769,0.76881,0.99982,1,0.995,0.995,0.08739,0.08649,0.7644,0.00981765,0.00981765,0.00981765
28,1970.99,0.12157,0.11093,0.76928,0.99983,1,0.995,0.995,0.09654,0.09824,0.76431,0.00980345,0.00980345,0.00980345
29,2041.14,0.12127,0.11273,0.77098,0.99945,0.99797,0.995,0.995,0.09877,0.0988,0.76557,0.00978873,0.00978873,0.00978873
30,2110.95,0.1166,0.10683,0.7667,0.9999,1,0.995,0.995,0.07679,0.07899,0.75943,0.00977349,0.00977349,0.00977349
31,2181.18,0.10723,0.09822,0.76546,0.99989,1,0.995,0.995,0.07487,0.0754,0.75957,0.00975773,0.00975773,0.00975773
32,2251.38,0.11019,0.10101,0.76216,0.99989,1,0.995,0.995,0.08501,0.08027,0.76172,0.00974145,0.00974145,0.00974145
33,2321.38,0.10879,0.1009,0.76751,0.99989,1,0.995,0.995,0.0761,0.07496,0.75805,0.00972466,0.00972466,0.00972466
34,2391.74,0.10305,0.09694,0.76418,0.99991,1,0.995,0.995,0.0796,0.07698,0.75969,0.00970736,0.00970736,0.00970736
35,2462.19,0.10242,0.09328,0.76163,0.9999,1,0.995,0.995,0.07456,0.07809,0.75877,0.00968955,0.00968955,0.00968955
36,2532.16,0.10641,0.09898,0.76491,0.9999,1,0.995,0.995,0.08422,0.0878,0.75981,0.00967122,0.00967122,0.00967122
37,2602.85,0.10787,0.10251,0.766,0.99972,1,0.995,0.995,0.07993,0.08318,0.75971,0.00965239,0.00965239,0.00965239
38,2672.85,0.1004,0.09606,0.76731,0.99989,1,0.995,0.995,0.07053,0.07138,0.75761,0.00963306,0.00963306,0.00963306
39,2742.91,0.09676,0.09061,0.76206,0.99995,1,0.995,0.995,0.07067,0.07119,0.75786,0.00961322,0.00961322,0.00961322
40,2813.19,0.10053,0.09384,0.76436,0.9999,1,0.995,0.995,0.07158,0.07236,0.75866,0.00959289,0.00959289,0.00959289
41,2882.77,0.10048,0.09364,0.76299,0.99991,1,0.995,0.995,0.07062,0.07142,0.75809,0.00957205,0.00957205,0.00957205
42,2952.62,0.10155,0.09445,0.76206,0.9999,1,0.995,0.995,0.06042,0.06226,0.75699,0.00955072,0.00955072,0.00955072
43,3023.39,0.09796,0.09427,0.76304,0.9999,1,0.995,0.995,0.06398,0.06931,0.7564,0.00952889,0.00952889,0.00952889
44,3093.34,0.0977,0.09271,0.76257,0.99989,1,0.995,0.995,0.06185,0.06603,0.75727,0.00950658,0.00950658,0.00950658
45,3163.82,0.0985,0.09625,0.76598,0.99988,1,0.995,0.995,0.06208,0.07027,0.75879,0.00948377,0.00948377,0.00948377
46,3234.07,0.09366,0.09248,0.76298,0.9999,1,0.995,0.995,0.05778,0.06531,0.75636,0.00946048,0.00946048,0.00946048
47,3304.36,0.09637,0.09846,0.7624,0.9999,1,0.995,0.995,0.0635,0.06828,0.75746,0.00943671,0.00943671,0.00943671
48,3374.4,0.09781,0.09551,0.76409,0.99989,1,0.995,0.995,0.06444,0.0671,0.75702,0.00941245,0.00941245,0.00941245
49,3444.68,0.09379,0.09229,0.76858,0.99989,1,0.995,0.995,0.0585,0.06214,0.75686,0.00938772,0.00938772,0.00938772
50,3514.69,0.09194,0.09032,0.76385,0.9999,1,0.995,0.995,0.05627,0.05937,0.75541,0.00936251,0.00936251,0.00936251
51,3585.41,0.09129,0.08891,0.76225,0.99994,1,0.995,0.995,0.06076,0.06498,0.75626,0.00933683,0.00933683,0.00933683
52,3655.53,0.09599,0.09344,0.76507,0.99993,1,0.995,0.995,0.06678,0.06825,0.75751,0.00931067,0.00931067,0.00931067
53,3725.28,0.09155,0.08852,0.76321,1,1,0.995,0.995,0.05231,0.05774,0.75616,0.00928405,0.00928405,0.00928405
54,3795.63,0.08267,0.08231,0.761,0.99994,1,0.995,0.995,0.04925,0.05411,0.75478,0.00925697,0.00925697,0.00925697
55,3865.78,0.07967,0.07815,0.76135,0.99995,1,0.995,0.995,0.04763,0.05195,0.75438,0.00922942,0.00922942,0.00922942
56,3935.39,0.08642,0.08273,0.76074,0.99989,1,0.995,0.995,0.05897,0.06216,0.75514,0.00920142,0.00920142,0.00920142
57,4005.92,0.09007,0.08747,0.76037,0.99988,1,0.995,0.995,0.06984,0.07226,0.75875,0.00917296,0.00917296,0.00917296
58,4075.86,0.09215,0.09711,0.76596,0.9999,1,0.995,0.995,0.05411,0.06835,0.75523,0.00914405,0.00914405,0.00914405
59,4145.65,0.08388,0.08673,0.76122,0.9999,1,0.995,0.995,0.05384,0.05655,0.75565,0.00911469,0.00911469,0.00911469
60,4215.9,0.08563,0.08434,0.76357,0.99994,1,0.995,0.995,0.05055,0.05865,0.75416,0.00908488,0.00908488,0.00908488
61,4285.91,0.08556,0.08382,0.76053,0.99993,1,0.995,0.995,0.05889,0.06141,0.75548,0.00905463,0.00905463,0.00905463
62,4356.03,0.08621,0.08564,0.76295,0.99989,1,0.995,0.995,0.05361,0.05792,0.7545,0.00902395,0.00902395,0.00902395
63,4426.44,0.08019,0.07937,0.75847,0.99991,1,0.995,0.995,0.04883,0.05424,0.7534,0.00899282,0.00899282,0.00899282
64,4496.22,0.08452,0.08135,0.76174,0.9999,1,0.995,0.995,0.05428,0.05537,0.75463,0.00896127,0.00896127,0.00896127
65,4566.23,0.08753,0.08512,0.76139,0.99991,1,0.995,0.995,0.0549,0.05696,0.75471,0.00892928,0.00892928,0.00892928
66,4636.72,0.07822,0.07779,0.76219,0.99991,1,0.995,0.995,0.04524,0.05105,0.75356,0.00889687,0.00889687,0.00889687
67,4706.55,0.0755,0.07618,0.76007,0.99991,1,0.995,0.995,0.04726,0.05145,0.75415,0.00886404,0.00886404,0.00886404
68,4777.1,0.07956,0.07983,0.76085,0.99977,1,0.995,0.995,0.05521,0.05769,0.75443,0.00883079,0.00883079,0.00883079
69,4846.94,0.07994,0.08128,0.76046,0.9999,1,0.995,0.995,0.05214,0.05534,0.75454,0.00879713,0.00879713,0.00879713
70,4916.8,0.08042,0.08078,0.76032,0.99994,1,0.995,0.995,0.05179,0.05289,0.75371,0.00876305,0.00876305,0.00876305
71,4987.82,0.07416,0.07329,0.75835,0.9999,1,0.995,0.995,0.04426,0.04793,0.75329,0.00872857,0.00872857,0.00872857
72,5057.89,0.07827,0.07844,0.76281,0.99995,1,0.995,0.995,0.05134,0.05624,0.75378,0.00869368,0.00869368,0.00869368
73,5127.44,0.08091,0.07963,0.75878,0.99987,1,0.995,0.995,0.05385,0.05775,0.75442,0.00865839,0.00865839,0.00865839
74,5197.64,0.08073,0.079,0.76132,0.99992,1,0.995,0.995,0.04701,0.05149,0.75294,0.00862271,0.00862271,0.00862271
75,5267.64,0.07254,0.07146,0.75778,0.99995,1,0.995,0.995,0.04177,0.04628,0.75268,0.00858664,0.00858664,0.00858664
76,5337.44,0.07493,0.07389,0.75824,0.99991,1,0.995,0.995,0.04479,0.0497,0.75288,0.00855018,0.00855018,0.00855018
77,5407.99,0.07859,0.07759,0.75793,0.99991,1,0.995,0.995,0.04941,0.05176,0.75321,0.00851333,0.00851333,0.00851333
78,5478.33,0.07692,0.0766,0.76078,0.99995,1,0.995,0.995,0.04835,0.05498,0.75383,0.00847611,0.00847611,0.00847611
79,5548.53,0.07739,0.10592,0.75685,0.9999,1,0.995,0.995,0.05119,0.05386,0.75421,0.00843851,0.00843851,0.00843851
80,5619.65,0.07576,0.07612,0.75924,0.99991,1,0.995,0.995,0.05176,0.05595,0.75384,0.00840054,0.00840054,0.00840054
81,5689.47,0.07668,0.07536,0.75867,0.99995,1,0.995,0.995,0.05471,0.05642,0.754,0.0083622,0.0083622,0.0083622
82,5759.67,0.07293,0.07248,0.75816,0.99995,1,0.995,0.995,0.04396,0.04768,0.75308,0.00832349,0.00832349,0.00832349
83,5830.01,0.07087,0.07284,0.75758,0.99995,1,0.995,0.995,0.04306,0.05035,0.75244,0.00828443,0.00828443,0.00828443
84,5899.8,0.0814,0.08145,0.76013,0.99994,1,0.995,0.995,0.05464,0.05186,0.754,0.00824502,0.00824502,0.00824502
85,5970.49,0.08016,0.0815,0.76194,0.99991,1,0.995,0.995,0.04936,0.05715,0.75354,0.00820525,0.00820525,0.00820525
86,6040.58,0.07086,0.07267,0.75863,0.9999,1,0.995,0.995,0.04188,0.04813,0.75235,0.00816514,0.00816514,0.00816514
87,6109.01,0.06902,0.07073,0.75728,1,1,0.995,0.995,0.03869,0.04449,0.75227,0.00812468,0.00812468,0.00812468
88,6178.3,0.06931,0.06967,0.76027,0.99995,1,0.995,0.995,0.04363,0.04729,0.75257,0.00808389,0.00808389,0.00808389
89,6246.55,0.07115,0.07285,0.75972,0.99995,1,0.995,0.995,0.04614,0.05237,0.75279,0.00804277,0.00804277,0.00804277
90,6314.22,0.06985,0.07108,0.75938,0.99991,1,0.995,0.995,0.04146,0.04647,0.75215,0.00800131,0.00800131,0.00800131
91,6381.97,0.07631,0.07604,0.76009,0.99991,1,0.995,0.995,0.04632,0.05001,0.75233,0.00795954,0.00795954,0.00795954
92,6449.53,0.07198,0.07309,0.75997,0.99995,1,0.995,0.995,0.04533,0.0486,0.7524,0.00791744,0.00791744,0.00791744
93,6517.46,0.0723,0.0748,0.76082,1,1,0.995,0.995,0.04536,0.05216,0.7528,0.00787503,0.00787503,0.00787503
94,6585.15,0.06954,0.06961,0.76042,0.99994,1,0.995,0.995,0.04232,0.04587,0.75217,0.00783231,0.00783231,0.00783231
95,6652.53,0.06852,0.06896,0.75694,0.9999,1,0.995,0.995,0.04055,0.04468,0.75174,0.00778929,0.00778929,0.00778929
96,6719.99,0.06994,0.07133,0.75503,0.99992,1,0.995,0.995,0.04301,0.04739,0.75228,0.00774596,0.00774596,0.00774596
97,6787.84,0.07118,0.07387,0.75622,0.99995,1,0.995,0.995,0.04645,0.05153,0.75274,0.00770234,0.00770234,0.00770234
98,6855.71,0.06529,0.06753,0.76099,0.99991,1,0.995,0.995,0.0368,0.04145,0.75195,0.00765843,0.00765843,0.00765843
99,6923.46,0.0619,0.06461,0.75787,0.99996,1,0.995,0.995,0.03361,0.03895,0.75152,0.00761423,0.00761423,0.00761423
100,6991.1,0.06389,0.0664,0.75209,0.99995,1,0.995,0.995,0.04137,0.04411,0.75202,0.00756976,0.00756976,0.00756976
101,7058.61,0.06526,0.06746,0.75883,0.99995,1,0.995,0.995,0.04366,0.04813,0.75192,0.007525,0.007525,0.007525
102,7126.96,0.06182,0.06355,0.75249,0.99996,1,0.995,0.995,0.03577,0.03969,0.75144,0.00747997,0.00747997,0.00747997
103,7194.81,0.05959,0.06313,0.7547,0.99995,1,0.995,0.995,0.03339,0.03848,0.7513,0.00743468,0.00743468,0.00743468
104,7262.19,0.0624,0.06566,0.75509,0.99991,1,0.995,0.995,0.03608,0.03944,0.75159,0.00738913,0.00738913,0.00738913
105,7329.66,0.06464,0.06941,0.75858,0.99995,1,0.995,0.995,0.04061,0.04587,0.75158,0.00734332,0.00734332,0.00734332
106,7397.24,0.06022,0.06163,0.75195,1,1,0.995,0.995,0.03409,0.03818,0.75131,0.00729725,0.00729725,0.00729725
107,7465.19,0.06272,0.06248,0.76072,0.99995,1,0.995,0.995,0.03671,0.03898,0.7514,0.00725094,0.00725094,0.00725094
108,7532.81,0.06155,0.06218,0.75574,1,1,0.995,0.995,0.03409,0.03824,0.75119,0.00720439,0.00720439,0.00720439
109,7600.19,0.06723,0.06767,0.75867,0.99995,1,0.995,0.995,0.03668,0.04094,0.75144,0.00715761,0.00715761,0.00715761
110,7667.89,0.06304,0.06477,0.75693,0.99995,1,0.995,0.995,0.03646,0.03889,0.75144,0.00711059,0.00711059,0.00711059
111,7735.77,0.05915,0.06027,0.75722,0.99995,1,0.995,0.995,0.03518,0.03754,0.75121,0.00706335,0.00706335,0.00706335
112,7803.36,0.06277,0.06541,0.75651,0.99996,1,0.995,0.995,0.03638,0.03827,0.75119,0.00701588,0.00701588,0.00701588
113,7871.17,0.06354,0.06733,0.75863,0.99991,1,0.995,0.995,0.03835,0.04177,0.75135,0.0069682,0.0069682,0.0069682
114,7938.8,0.06113,0.06512,0.75896,0.99995,1,0.995,0.995,0.03298,0.03859,0.75112,0.00692031,0.00692031,0.00692031
115,8006.64,0.05921,0.06276,0.75224,0.99995,1,0.995,0.995,0.03301,0.03832,0.75096,0.00687222,0.00687222,0.00687222
116,8074.54,0.05751,0.05957,0.75686,0.99991,1,0.995,0.995,0.0315,0.03601,0.75081,0.00682392,0.00682392,0.00682392
117,8141.98,0.05916,0.06107,0.75623,0.99991,1,0.995,0.995,0.03364,0.03764,0.75093,0.00677543,0.00677543,0.00677543
118,8209.71,0.05613,0.05939,0.75717,0.99996,1,0.995,0.995,0.03151,0.03562,0.75079,0.00672675,0.00672675,0.00672675
119,8277.46,0.05555,0.05959,0.7549,0.99996,1,0.995,0.995,0.03048,0.03475,0.75075,0.00667789,0.00667789,0.00667789
120,8345.16,0.05885,0.06068,0.75675,0.99996,1,0.995,0.995,0.03454,0.03691,0.75101,0.00662885,0.00662885,0.00662885
121,8412.82,0.05997,0.06262,0.75505,0.99995,1,0.995,0.995,0.03252,0.03731,0.75104,0.00657963,0.00657963,0.00657963
122,8480.53,0.05741,0.06186,0.75693,0.99995,1,0.995,0.995,0.03034,0.03624,0.75109,0.00653025,0.00653025,0.00653025
123,8547.91,0.05735,0.05984,0.75568,0.99995,1,0.995,0.995,0.03159,0.03573,0.75105,0.00648071,0.00648071,0.00648071
124,8615.75,0.06624,0.06902,0.75512,0.99991,1,0.995,0.995,0.0349,0.03917,0.75116,0.00643101,0.00643101,0.00643101
125,8683.83,0.06361,0.06725,0.75892,0.99991,1,0.995,0.995,0.03538,0.03929,0.75116,0.00638115,0.00638115,0.00638115
126,8751.07,0.06065,0.06523,0.75604,0.99995,1,0.995,0.995,0.03463,0.03947,0.75106,0.00633115,0.00633115,0.00633115
127,8818.67,0.055,0.05992,0.75479,0.99995,1,0.995,0.995,0.03242,0.0375,0.75079,0.00628101,0.00628101,0.00628101
128,8886.47,0.05783,0.06016,0.75724,0.99996,1,0.995,0.995,0.03188,0.03533,0.75068,0.00623074,0.00623074,0.00623074
129,8954.24,0.06126,0.06223,0.75687,0.99996,1,0.995,0.995,0.03223,0.03566,0.75082,0.00618034,0.00618034,0.00618034
130,9022.14,0.05201,0.05579,0.75346,0.99991,1,0.995,0.995,0.02969,0.03386,0.7506,0.00612981,0.00612981,0.00612981
131,9089.59,0.0508,0.05413,0.75454,0.99991,1,0.995,0.995,0.02895,0.0329,0.75057,0.00607916,0.00607916,0.00607916
132,9157.02,0.05482,0.05907,0.75473,0.99991,1,0.995,0.995,0.03004,0.03317,0.75056,0.0060284,0.0060284,0.0060284
133,9225.24,0.05389,0.05819,0.75666,0.99991,1,0.995,0.995,0.02996,0.03419,0.75054,0.00597754,0.00597754,0.00597754
134,9292.65,0.05096,0.05489,0.75667,0.99991,1,0.995,0.995,0.0296,0.03344,0.75054,0.00592657,0.00592657,0.00592657
135,9360.12,0.0514,0.05564,0.75631,0.99991,1,0.995,0.995,0.02885,0.03261,0.75045,0.00587551,0.00587551,0.00587551
136,9427.8,0.05226,0.05529,0.75613,0.99991,1,0.995,0.995,0.02836,0.03178,0.75039,0.00582435,0.00582435,0.00582435
137,9495.42,0.05388,0.05792,0.75489,0.99991,1,0.995,0.995,0.02865,0.03297,0.75047,0.00577311,0.00577311,0.00577311
138,9563.18,0.04984,0.05355,0.75036,0.99991,1,0.995,0.995,0.02769,0.03158,0.75046,0.00572179,0.00572179,0.00572179
139,9630.83,0.04828,0.0529,0.75397,0.99995,1,0.995,0.995,0.02747,0.03145,0.75037,0.0056704,0.0056704,0.0056704
140,9698.37,0.05084,0.0536,0.75732,0.99995,1,0.995,0.995,0.02827,0.03169,0.75038,0.00561894,0.00561894,0.00561894
141,9766.21,0.05051,0.0549,0.75608,0.99995,1,0.995,0.995,0.02914,0.03292,0.75042,0.00556742,0.00556742,0.00556742
142,9834.05,0.04925,0.05385,0.75549,0.99995,1,0.995,0.995,0.02868,0.03201,0.75039,0.00551584,0.00551584,0.00551584
143,9901.75,0.05045,0.05493,0.7567,0.99995,1,0.995,0.995,0.02895,0.03222,0.75038,0.00546421,0.00546421,0.00546421
144,9969.19,0.05311,0.05549,0.7553,0.99995,1,0.995,0.995,0.03062,0.0324,0.75046,0.00541253,0.00541253,0.00541253
145,10036.7,0.04955,0.05397,0.75759,0.99995,1,0.995,0.995,0.03088,0.0333,0.75047,0.00536081,0.00536081,0.00536081
146,10104.7,0.04824,0.0529,0.75335,0.99995,1,0.995,0.995,0.02958,0.03212,0.75041,0.00530906,0.00530906,0.00530906
147,10175.5,0.04683,0.05041,0.75109,0.99995,1,0.995,0.995,0.02951,0.03185,0.75035,0.00525728,0.00525728,0.00525728
148,10245.6,0.04671,0.05062,0.75217,0.99995,1,0.995,0.995,0.02932,0.03166,0.75026,0.00520548,0.00520548,0.00520548
149,10315.6,0.04896,0.05282,0.75455,0.99995,1,0.995,0.995,0.02857,0.03099,0.75023,0.00515366,0.00515366,0.00515366
150,10386.3,0.04608,0.0518,0.75583,0.99995,1,0.995,0.995,0.02867,0.03082,0.75022,0.00510184,0.00510184,0.00510184
151,10457,0.04446,0.0501,0.75398,0.99995,1,0.995,0.995,0.02798,0.03083,0.75016,0.00505,0.00505,0.00505
152,10527.1,0.04556,0.05011,0.7567,0.99995,1,0.995,0.995,0.02889,0.03078,0.75019,0.00499816,0.00499816,0.00499816
153,10597.9,0.04607,0.05093,0.75756,0.99995,1,0.995,0.995,0.0293,0.03088,0.7502,0.00494634,0.00494634,0.00494634
154,10667.7,0.04541,0.05077,0.75543,0.99995,1,0.995,0.995,0.02871,0.03093,0.75014,0.00489452,0.00489452,0.00489452
155,10738.3,0.04431,0.04791,0.75292,0.99995,1,0.995,0.995,0.02804,0.03004,0.75008,0.00484272,0.00484272,0.00484272
156,10808.4,0.04427,0.04915,0.75552,0.99995,1,0.995,0.995,0.02784,0.03001,0.75005,0.00479094,0.00479094,0.00479094
157,10878.2,0.04522,0.05065,0.75442,0.99995,1,0.995,0.995,0.02746,0.02966,0.75001,0.00473919,0.00473919,0.00473919
158,10948.4,0.04312,0.04765,0.75405,0.99995,1,0.995,0.995,0.02686,0.02937,0.74996,0.00468747,0.00468747,0.00468747
159,11018.1,0.04233,0.04627,0.75784,0.99995,1,0.995,0.995,0.02661,0.02902,0.74993,0.00463579,0.00463579,0.00463579
160,11087.9,0.04437,0.04755,0.75566,0.99995,1,0.995,0.995,0.02729,0.0288,0.74997,0.00458416,0.00458416,0.00458416
161,11158.8,0.04579,0.04942,0.7541,1,1,0.995,0.995,0.02779,0.02932,0.74994,0.00453258,0.00453258,0.00453258
162,11228.7,0.04391,0.04776,0.75464,1,1,0.995,0.995,0.02796,0.02908,0.74996,0.00448106,0.00448106,0.00448106
163,11298.5,0.0426,0.04633,0.75347,1,1,0.995,0.995,0.02759,0.02923,0.74993,0.0044296,0.0044296,0.0044296
164,11369.1,0.04349,0.04829,0.7536,1,1,0.995,0.995,0.02725,0.02828,0.7499,0.00437821,0.00437821,0.00437821
165,11438.8,0.04307,0.04795,0.75249,1,1,0.995,0.995,0.02694,0.02863,0.74989,0.00432689,0.00432689,0.00432689
166,11509.5,0.04147,0.04557,0.75372,1,1,0.995,0.995,0.02665,0.02815,0.74986,0.00427565,0.00427565,0.00427565
167,11579.7,0.03983,0.04433,0.75648,1,1,0.995,0.995,0.02688,0.02846,0.74984,0.00422449,0.00422449,0.00422449
168,11650.1,0.04056,0.04465,0.75288,1,1,0.995,0.995,0.027,0.02812,0.74985,0.00417343,0.00417343,0.00417343
169,11720.2,0.04115,0.04484,0.75394,1,1,0.995,0.995,0.02703,0.02797,0.74983,0.00412246,0.00412246,0.00412246
170,11790.6,0.04091,0.04537,0.7579,1,1,0.995,0.995,0.02696,0.02864,0.74979,0.0040716,0.0040716,0.0040716
171,11860.5,0.03956,0.04489,0.75738,1,1,0.995,0.995,0.02676,0.02798,0.74975,0.00402084,0.00402084,0.00402084
172,11931.1,0.03876,0.04395,0.75247,1,1,0.995,0.995,0.02631,0.02794,0.74971,0.00397019,0.00397019,0.00397019
173,12001.8,0.03938,0.04448,0.75705,1,1,0.995,0.995,0.02611,0.02775,0.74969,0.00391966,0.00391966,0.00391966
174,12071.8,0.03945,0.04458,0.7544,1,1,0.995,0.995,0.02591,0.02737,0.74971,0.00386926,0.00386926,0.00386926
175,12142.2,0.03856,0.04359,0.75323,1,1,0.995,0.995,0.02593,0.02751,0.74968,0.00381899,0.00381899,0.00381899
176,12212.1,0.03985,0.0461,0.7542,1,1,0.995,0.995,0.02594,0.02727,0.74965,0.00376885,0.00376885,0.00376885
177,12282.2,0.04023,0.04761,0.75295,1,1,0.995,0.995,0.02577,0.02745,0.74962,0.00371885,0.00371885,0.00371885
178,12353.2,0.03846,0.04461,0.75279,1,1,0.995,0.995,0.0255,0.02721,0.74963,0.00366899,0.00366899,0.00366899
179,12423.2,0.03798,0.04396,0.75312,1,1,0.995,0.995,0.02565,0.02712,0.74964,0.00361929,0.00361929,0.00361929
180,12493.2,0.03751,0.04436,0.75294,1,1,0.995,0.995,0.02558,0.02722,0.74961,0.00356975,0.00356975,0.00356975
181,12563.6,0.03948,0.04467,0.753,1,1,0.995,0.995,0.02584,0.02723,0.74959,0.00352037,0.00352037,0.00352037
182,12633.9,0.03872,0.04438,0.75776,1,1,0.995,0.995,0.02581,0.02744,0.74958,0.00347115,0.00347115,0.00347115
183,12703.9,0.03829,0.04416,0.75404,1,1,0.995,0.995,0.02587,0.02761,0.74954,0.00342211,0.00342211,0.00342211
184,12774.3,0.03738,0.04205,0.75671,1,1,0.995,0.995,0.0257,0.02787,0.74951,0.00337325,0.00337325,0.00337325
185,12844.4,0.03972,0.04505,0.75455,1,1,0.995,0.995,0.02567,0.02798,0.7495,0.00332457,0.00332457,0.00332457
186,12914.6,0.03913,0.04511,0.75224,1,1,0.995,0.995,0.02565,0.028,0.74954,0.00327608,0.00327608,0.00327608
187,12985.3,0.03847,0.04533,0.75249,1,1,0.995,0.995,0.02576,0.02804,0.74951,0.00322778,0.00322778,0.00322778
188,13054.9,0.0385,0.0449,0.75458,1,1,0.995,0.995,0.02591,0.028,0.7495,0.00317969,0.00317969,0.00317969
189,13125.4,0.03634,0.04223,0.75343,1,1,0.995,0.995,0.02607,0.02807,0.7495,0.0031318,0.0031318,0.0031318
190,13196.2,0.03696,0.04308,0.75232,1,1,0.995,0.995,0.02614,0.02844,0.74951,0.00308412,0.00308412,0.00308412
191,13266,0.03453,0.04026,0.75528,1,1,0.995,0.995,0.02621,0.02819,0.7495,0.00303665,0.00303665,0.00303665
192,13336.1,0.03531,0.04074,0.75144,0.99996,1,0.995,0.995,0.0262,0.02856,0.74948,0.00298941,0.00298941,0.00298941
193,13406.7,0.03631,0.04248,0.75382,0.99996,1,0.995,0.995,0.02639,0.0287,0.74943,0.00294239,0.00294239,0.00294239
194,13476.5,0.03317,0.03851,0.7547,0.99996,1,0.995,0.995,0.02645,0.02894,0.74941,0.00289561,0.00289561,0.00289561
195,13546.8,0.03205,0.0371,0.753,0.99996,1,0.995,0.995,0.02629,0.02888,0.74941,0.00284906,0.00284906,0.00284906
196,13616.9,0.03275,0.03779,0.75158,0.99996,1,0.995,0.995,0.02606,0.02832,0.7494,0.00280275,0.00280275,0.00280275
197,13686.9,0.03172,0.03699,0.75232,0.99996,1,0.995,0.995,0.026,0.02838,0.74941,0.00275668,0.00275668,0.00275668
198,13757.3,0.03128,0.03663,0.75082,0.99996,1,0.995,0.995,0.02597,0.02812,0.74939,0.00271087,0.00271087,0.00271087
199,13827.4,0.03152,0.03674,0.75158,0.99996,1,0.995,0.995,0.02592,0.02801,0.74936,0.00266532,0.00266532,0.00266532
200,13897.1,0.03231,0.03689,0.75368,1,1,0.995,0.995,0.02614,0.02795,0.74934,0.00262003,0.00262003,0.00262003
201,13967.5,0.03328,0.03788,0.75556,1,1,0.995,0.995,0.02604,0.02777,0.74933,0.002575,0.002575,0.002575
202,14037.1,0.031,0.03567,0.75327,1,1,0.995,0.995,0.02608,0.02819,0.74934,0.00253024,0.00253024,0.00253024
203,14107.3,0.03046,0.03513,0.75065,1,1,0.995,0.995,0.02603,0.02808,0.74932,0.00248577,0.00248577,0.00248577
204,14177.3,0.0311,0.03642,0.75538,1,1,0.995,0.995,0.02599,0.02802,0.7493,0.00244157,0.00244157,0.00244157
205,14247.4,0.03115,0.03688,0.75212,1,1,0.995,0.995,0.02589,0.02802,0.74928,0.00239766,0.00239766,0.00239766
206,14318.5,0.03105,0.03622,0.75603,1,1,0.995,0.995,0.0257,0.02769,0.74927,0.00235404,0.00235404,0.00235404
207,14389.3,0.02984,0.0351,0.75027,1,1,0.995,0.995,0.02573,0.02779,0.74929,0.00231071,0.00231071,0.00231071
208,14459.3,0.03044,0.03541,0.75235,1,1,0.995,0.995,0.02573,0.02778,0.74926,0.00226769,0.00226769,0.00226769
209,14529.7,0.02978,0.03468,0.75058,1,1,0.995,0.995,0.02566,0.02772,0.74923,0.00222497,0.00222497,0.00222497
210,14600.1,0.02939,0.03451,0.75146,1,1,0.995,0.995,0.02569,0.02795,0.7492,0.00218256,0.00218256,0.00218256
211,14670,0.02903,0.03399,0.75217,1,1,0.995,0.995,0.02574,0.02806,0.74919,0.00214046,0.00214046,0.00214046
212,14740.2,0.02973,0.03448,0.75285,1,1,0.995,0.995,0.0257,0.0278,0.74918,0.00209869,0.00209869,0.00209869
213,14809.7,0.02937,0.03446,0.75478,1,1,0.995,0.995,0.02573,0.02802,0.74919,0.00205723,0.00205723,0.00205723
214,14879.5,0.02866,0.03337,0.75265,1,1,0.995,0.995,0.02575,0.02774,0.74918,0.00201611,0.00201611,0.00201611
215,14949.6,0.02731,0.03222,0.75408,1,1,0.995,0.995,0.02591,0.02808,0.74917,0.00197532,0.00197532,0.00197532
216,15019.2,0.02742,0.03219,0.75391,1,1,0.995,0.995,0.02586,0.02832,0.74916,0.00193486,0.00193486,0.00193486
217,15088.9,0.0298,0.03575,0.75335,1,1,0.995,0.995,0.02582,0.02854,0.74916,0.00189475,0.00189475,0.00189475
218,15159.2,0.02896,0.03503,0.75211,1,1,0.995,0.995,0.02606,0.02873,0.74914,0.00185498,0.00185498,0.00185498
219,15228.8,0.02812,0.03431,0.75159,1,1,0.995,0.995,0.02613,0.02857,0.74916,0.00181557,0.00181557,0.00181557
220,15299.1,0.02706,0.03215,0.75413,1,1,0.995,0.995,0.02609,0.02846,0.74915,0.00177651,0.00177651,0.00177651
221,15370.1,0.02678,0.03135,0.74876,1,1,0.995,0.995,0.02604,0.02832,0.74913,0.0017378,0.0017378,0.0017378
222,15440.3,0.02685,0.03161,0.75081,1,1,0.995,0.995,0.02603,0.02854,0.74913,0.00169946,0.00169946,0.00169946
223,15510.6,0.02665,0.03145,0.75188,1,1,0.995,0.995,0.02617,0.0285,0.74912,0.00166149,0.00166149,0.00166149
224,15581,0.02637,0.03153,0.75268,1,1,0.995,0.995,0.02614,0.02835,0.74911,0.00162389,0.00162389,0.00162389
225,15651.2,0.02629,0.03061,0.75276,1,1,0.995,0.995,0.02638,0.02887,0.74912,0.00158667,0.00158667,0.00158667
226,15722.3,0.0261,0.03044,0.74755,1,1,0.995,0.995,0.02643,0.02872,0.74912,0.00154982,0.00154982,0.00154982
227,15792.4,0.02541,0.03034,0.7504,1,1,0.995,0.995,0.02651,0.02898,0.74911,0.00151336,0.00151336,0.00151336
228,15861.9,0.02483,0.02991,0.75189,1,1,0.995,0.995,0.02658,0.02908,0.74908,0.00147729,0.00147729,0.00147729
229,15932.7,0.02523,0.02943,0.75378,1,1,0.995,0.995,0.02656,0.02893,0.74906,0.00144161,0.00144161,0.00144161
230,16003,0.02454,0.0294,0.75252,1,1,0.995,0.995,0.02667,0.02915,0.74905,0.00140632,0.00140632,0.00140632
231,16073,0.02475,0.02946,0.75495,1,1,0.995,0.995,0.02668,0.02906,0.74903,0.00137143,0.00137143,0.00137143
232,16143.5,0.02448,0.0291,0.75082,1,1,0.995,0.995,0.0266,0.02913,0.74902,0.00133695,0.00133695,0.00133695
233,16213.9,0.02468,0.0289,0.75173,1,1,0.995,0.995,0.02674,0.02949,0.74901,0.00130287,0.00130287,0.00130287
234,16284.2,0.02407,0.02852,0.75445,1,1,0.995,0.995,0.02678,0.02938,0.749,0.00126921,0.00126921,0.00126921
235,16355.3,0.02366,0.02775,0.75063,1,1,0.995,0.995,0.02694,0.02994,0.749,0.00123596,0.00123596,0.00123596
236,16425.5,0.02417,0.02851,0.75288,1,1,0.995,0.995,0.02687,0.02994,0.74899,0.00120313,0.00120313,0.00120313
237,16496.2,0.02385,0.02754,0.75349,1,1,0.995,0.995,0.02701,0.03004,0.74898,0.00117072,0.00117072,0.00117072
238,16566.2,0.02279,0.02643,0.75506,1,1,0.995,0.995,0.02695,0.03014,0.74894,0.00113873,0.00113873,0.00113873
239,16635,0.02271,0.02621,0.7515,1,1,0.995,0.995,0.02703,0.03015,0.74896,0.00110718,0.00110718,0.00110718
240,16705,inf,0.02606,0.75043,1,1,0.995,0.995,0.02704,0.02999,0.74895,0.00107605,0.00107605,0.00107605
241,16775.6,0.02273,0.02624,0.75128,1,1,0.995,0.995,0.0271,0.03002,0.74892,0.00104537,0.00104537,0.00104537
242,16846.2,0.02292,0.0266,0.74962,1,1,0.995,0.995,0.02721,0.03013,0.74892,0.00101512,0.00101512,0.00101512
243,16916.7,0.0219,0.02531,0.7545,1,1,0.995,0.995,0.02733,0.03032,0.7489,0.000985311,0.000985311,0.000985311
244,16986.8,0.02165,0.02496,0.75321,1,1,0.995,0.995,0.02742,0.03049,0.74889,0.000955951,0.000955951,0.000955951
245,17057.6,0.02191,0.02536,0.75235,1,1,0.995,0.995,0.02752,0.03068,0.74888,0.00092704,0.00092704,0.00092704
246,17128.3,0.02263,0.02597,0.75109,1,1,0.995,0.995,0.02759,0.03086,0.74889,0.000898581,0.000898581,0.000898581
247,17198.7,0.02227,0.02547,0.75074,1,1,0.995,0.995,0.02765,0.03107,0.74888,0.000870577,0.000870577,0.000870577
248,17269.1,0.0218,0.02513,0.75091,1,1,0.995,0.995,0.02755,0.03106,0.74887,0.000843031,0.000843031,0.000843031
249,17340.2,0.02149,0.0251,0.75198,1,1,0.995,0.995,0.02758,0.03113,0.74887,0.000815947,0.000815947,0.000815947
250,17409,0.021,0.0241,0.75227,1,1,0.995,0.995,0.02757,0.03122,0.74887,0.000789327,0.000789327,0.000789327
251,17495.6,0.02108,0.02414,0.75162,1,1,0.995,0.995,0.02759,0.03144,0.74888,0.000763174,0.000763174,0.000763174
252,17565.3,0.02126,0.02441,0.74917,1,1,0.995,0.995,0.02767,0.03141,0.74886,0.000737492,0.000737492,0.000737492
253,17635.7,0.0207,0.02389,0.74993,1,1,0.995,0.995,0.0278,0.03164,0.74885,0.000712282,0.000712282,0.000712282
254,17706.2,0.02062,0.02374,0.75345,1,1,0.995,0.995,0.0279,0.03179,0.74884,0.000687548,0.000687548,0.000687548
255,17776,0.02011,0.02319,0.75109,1,1,0.995,0.995,0.02789,0.03188,0.74884,0.000663292,0.000663292,0.000663292
256,17846.4,0.02012,0.02326,0.75222,1,1,0.995,0.995,0.02805,0.03197,0.74884,0.000639518,0.000639518,0.000639518
257,17917.1,0.02013,0.02312,0.75181,1,1,0.995,0.995,0.02801,0.03193,0.74883,0.000616227,0.000616227,0.000616227
258,17988,0.02003,0.02308,0.75313,1,1,0.995,0.995,0.02813,0.032,0.74881,0.000593422,0.000593422,0.000593422
259,18058.5,0.01949,0.02262,0.75031,1,1,0.995,0.995,0.02807,0.03183,0.7488,0.000571106,0.000571106,0.000571106
260,18128.7,0.01956,0.0227,0.75017,1,1,0.995,0.995,0.02816,0.03186,0.7488,0.000549281,0.000549281,0.000549281
261,18198.6,0.02002,0.02292,0.75658,1,1,0.995,0.995,0.02814,0.03187,0.7488,0.00052795,0.00052795,0.00052795
262,18268.8,0.02013,0.02323,0.75379,1,1,0.995,0.995,0.02823,0.03186,0.74878,0.000507115,0.000507115,0.000507115
263,18338.6,0.01943,0.02224,0.75159,1,1,0.995,0.995,0.02824,0.03199,0.74878,0.000486777,0.000486777,0.000486777
264,18408.9,0.01922,0.02217,0.75035,1,1,0.995,0.995,0.02832,0.03195,0.74875,0.000466941,0.000466941,0.000466941
265,18479.2,0.01938,0.02206,0.75503,1,1,0.995,0.995,0.02835,0.03201,0.74875,0.000447606,0.000447606,0.000447606
266,18549.7,0.01912,0.02159,0.75373,1,1,0.995,0.995,0.02841,0.03221,0.74873,0.000428777,0.000428777,0.000428777
267,18619.5,0.01906,0.02184,0.75105,1,1,0.995,0.995,0.02847,0.03215,0.74874,0.000410454,0.000410454,0.000410454
268,18689.9,0.01881,0.02132,0.75327,1,1,0.995,0.995,0.0284,0.03195,0.74874,0.00039264,0.00039264,0.00039264
269,18760.3,0.01862,0.02123,0.7477,1,1,0.995,0.995,0.02844,0.03208,0.74874,0.000375337,0.000375337,0.000375337
270,18830.4,0.01856,0.02095,0.75176,1,1,0.995,0.995,0.0285,0.03193,0.74873,0.000358546,0.000358546,0.000358546
271,18900.5,0.01834,0.02072,0.74837,1,1,0.995,0.995,0.02846,0.03199,0.74872,0.00034227,0.00034227,0.00034227
272,18971.1,0.01849,0.02087,0.7505,1,1,0.995,0.995,0.02843,0.03188,0.74871,0.00032651,0.00032651,0.00032651
273,19041.3,0.01834,0.02063,0.75305,1,1,0.995,0.995,0.02851,0.03187,0.74869,0.000311268,0.000311268,0.000311268
274,19111.9,0.01832,0.02056,0.75072,1,1,0.995,0.995,0.02851,0.03199,0.74867,0.000296546,0.000296546,0.000296546
275,19182,0.01807,0.02045,0.75044,1,1,0.995,0.995,0.0285,0.03187,0.74867,0.000282345,0.000282345,0.000282345
276,19252.2,0.01806,0.02055,0.75394,1,1,0.995,0.995,0.02858,0.03183,0.74867,0.000268667,0.000268667,0.000268667
277,19322.8,0.01793,0.02035,0.75032,1,1,0.995,0.995,0.02864,0.03198,0.74866,0.000255513,0.000255513,0.000255513
278,19393.5,0.01789,0.01995,0.75434,1,1,0.995,0.995,0.02858,0.03175,0.74866,0.000242885,0.000242885,0.000242885
279,19463.3,0.01773,0.01983,0.75031,1,1,0.995,0.995,0.0286,0.032,0.74866,0.000230784,0.000230784,0.000230784
280,19533.8,0.01761,0.01973,0.75437,1,1,0.995,0.995,0.02866,0.03196,0.74865,0.000219212,0.000219212,0.000219212
281,19604.6,0.01776,0.01988,0.75188,1,1,0.995,0.995,0.02869,0.03194,0.74864,0.000208169,0.000208169,0.000208169
282,19675.3,0.01775,0.01982,0.74895,1,1,0.995,0.995,0.02873,0.03192,0.74864,0.000197658,0.000197658,0.000197658
283,19744.7,0.01752,0.0194,0.75155,1,1,0.995,0.995,0.02878,0.03198,0.74862,0.000187678,0.000187678,0.000187678
284,19814.9,0.0176,0.01961,0.75256,1,1,0.995,0.995,0.02885,0.03198,0.74862,0.000178232,0.000178232,0.000178232
285,19885.8,0.01743,0.01937,0.74891,1,1,0.995,0.995,0.02883,0.03212,0.74861,0.00016932,0.00016932,0.00016932
286,19956.1,0.01745,0.01934,0.75448,1,1,0.995,0.995,0.02883,0.03206,0.74861,0.000160943,0.000160943,0.000160943
287,20026,0.01743,0.01936,0.75499,1,1,0.995,0.995,0.02895,0.03221,0.74863,0.000153102,0.000153102,0.000153102
288,20095.3,0.01728,0.01937,0.75013,1,1,0.995,0.995,0.02891,0.03208,0.74861,0.000145798,0.000145798,0.000145798
289,20165.6,0.01736,0.01924,0.75061,1,1,0.995,0.995,0.02898,0.03213,0.74862,0.000139032,0.000139032,0.000139032
290,20236,0.01735,0.01924,0.75463,1,1,0.995,0.995,0.02906,0.03211,0.74861,0.000132805,0.000132805,0.000132805
291,20306,0.01728,0.01924,0.74835,0.99996,1,0.995,0.995,0.02915,0.03229,0.74862,0.000127117,0.000127117,0.000127117
292,20375.9,0.01706,0.01897,0.75495,1,1,0.995,0.995,0.02918,0.0322,0.74863,0.000121968,0.000121968,0.000121968
293,20445.9,0.0172,0.01903,0.75313,1,1,0.995,0.995,0.02923,0.03241,0.74861,0.00011736,0.00011736,0.00011736
294,20516,0.0171,0.01868,0.75066,1,1,0.995,0.995,0.02924,0.03227,0.74861,0.000113293,0.000113293,0.000113293
295,20586.3,0.01712,0.01901,0.75217,1,1,0.995,0.995,0.02931,0.03226,0.74859,0.000109768,0.000109768,0.000109768
296,20656.2,0.0169,0.01882,0.74931,1,1,0.995,0.995,0.02935,0.0322,0.74857,0.000106784,0.000106784,0.000106784
297,20725.5,0.01701,0.01879,0.74956,1,1,0.995,0.995,0.02944,0.03253,0.74857,0.000104342,0.000104342,0.000104342
298,20795.7,0.01695,0.0188,0.75487,1,1,0.995,0.995,0.02954,0.03264,0.74856,0.000102443,0.000102443,0.000102443
299,20864.5,0.01696,0.01889,0.75461,0.99996,1,0.995,0.995,0.02949,0.03233,0.74856,0.000101086,0.000101086,0.000101086
300,20934.2,0.01693,0.0187,0.75102,0.99996,1,0.995,0.995,0.02965,0.03241,0.74855,0.000100271,0.000100271,0.000100271
